﻿Designator,Footprint,Quantity,Value,LCSC Part #
"C12, C13",0603,2,100n,
"C14, C17, C18, C20, C26, C29, C31, C6, C7, C9",1206,10,4µ7,C282809
"C15, C16",0603,2,220p,C107081
"C30, C5",CP_EIA-7343-43_Kemet-X,2,470µ,C724264
D1,0603,1,LED,
"D11, D12",Nexperia_CFP3_SOD-123W,2,D,C5120763
"FB1, FB2, FB3",0805,3,FerriteBead_Small,C963878
J5,MicroSD_Self_ bomb,1,Micro_SD_Card_CD,C393941
J6,solder connector 0.8mm 18 pin,1,Conn_01x18_Socket,
"LED1, LED2, LED3, LED4",LED-SMD_4P-L3.5-W3.5-TL_WS2812B,4,WS2812B-MINI,
LS1,PinHeader_1x02_P2.54mm_Vertical,1,Speaker,C391015
"Q2, Q8",SOT-323_SC-70,2,BC817,C383187
"Q3, Q7",SOT-323_SC-70,2,PMOS,C19078062
"R1, R10, R11, R14, R16, R17, R18, R19, R20, R21, R22, R26, R27, R32, R37, R38, R39, R40, R45, R47, R56",0603,21,5K1,C26000
"R23, R3, R35, R36, R46, R8",0603,6,100K,C15458
R28,0603,1,4R7,C491192
R42,0603,1,22,C1203
U3,WIFI-SMD_ESP32-WROVER-IE8MB,1,ESP32-WROVER-E-N8R8,
U4,SOP-16_3.9x9.9mm_P1.27mm,1,PAM8406D,C86270
U8,HDR-SMD_14P-P2.00-V-M-R2-C7-LS6.4,1,DZ200S-22-14-64,
