﻿Designator,Footprint,Quantity,Value,LCSC Part #
BT1,BATTERY_AA_SMD_PLUS,1,Battery_Cell,C964874
BT2,BATTERY_AA_SMD_MINUS,1,Battery_Cell,C964876
"C1, C11, C19, C2, C23, C24, C25, C27, C3, C32, C33, C4, C8",1206,13,4µ7,C282809
"C10, C21, C22",0603,3,100n,
C28,CP_EIA-7343-43_Kemet-X,1,470µ,C724264
"D2, D3, D5, D6, D7",Nexperia_CFP3_SOD-123W,5,D,C5120763
D4,0603,1,LED,
DC1,DC-IN-TH_DC-011A,1,DC-011A,
"FB6, FB7",0805,2,FerriteBead_Small,C963878
J1,USB_C_Receptacle_HRO_TYPE-C-31-M-12,1,USB_C_Receptacle_USB2.0_16P,C165948
J7,DMG_01_CARDRIDGE_CONNECTOR,1,Conn_01x32,
"L1, L2",1210,2,2.2µ,C3002559
"LED5, LED6, LED7, LED8",LED-SMD_4P-L3.5-W3.5-TL_WS2812B,4,WS2812B-MINI,
"Q1, Q4, Q6, Q9",SOT-323_SC-70,4,BC817,C383187
"Q10, Q5",SOT-323_SC-70,2,PMOS,C19078062
R12,0603,1,430K,C25969
"R13, R58, R59, R9",0603,4,100K,C15458
"R24, R25, R29, R30, R31, R33, R34, R4, R5, R57",0603,10,5K1,C26000
"R43, R44, R6, R7",0603,4,22,C1203
"R48, R49, R52",0603,3,15K,C2906995
"R50, R51, R55",0603,3,1K1,C2906975
"R53, R54",0603,2,10K,C25804
R60,0603,1,510K,C23192
SW1,SW-TH_SS-12F23-G040,1,SS-12F23-G040,
U1,VSON-10_L3.0-W3.0-P0.50-TL-EP-1,1,TPS61028DRCR,C575574
U10,SSOP-10_3.9x4.9mm_P1.00mm_EP_3mmx2mm,1,CH340K,C968586
U12,PM200-2-07-S-4.3,1,CS-1193SDIG-2X7SMT(H4.3),
U2,SOT-23-5,1,XM5062S,C2924930
"U5, U6",SOIC-28W_7.5x17.9mm_P1.27mm,2,MCP23017_SO,C47023
U7,02FVS3,1,02FVS3,C2925423
U9,VSON-10_L3.0-W3.0-P0.50-BL-EP1.65,1,BQ25171QWDRCRQ1,C2861221
